{
    "vertices": [-0.394141,1.56718,0.19932,-0.545686,1.56718,0.19932,-0.545686,1.56718,0.350866,-0.394141,1.56718,0.350866,-0.545686,1.09937,0.350866,-0.394141,1.09937,0.350866,-0.394141,1.09937,0.19932,-0.545686,1.09937,0.19932,0.837826,1.51658,0,-0.837826,1.51658,0,-0.837826,0.867095,0.64948,0.837826,0.867095,0.64948,0.837826,0.867095,-0.64948,-0.837826,0.867095,-0.64948,0.757727,0.867095,0.521289,-0.757727,0.867095,0.521289,-0.757727,0.001121,0.521289,0.757727,0.001121,0.521289,0.757727,0.867095,-0.521289,0.757727,0.001121,-0.521289,-0.757727,0.867095,-0.521289,-0.757727,0.001121,-0.521289],
    "uvs": [[0.90397,0.949088,0.862429,0.949088,0.862429,0.907547,0.90397,0.907547,0.076835,0.189563,0.118376,0.189563,0.118376,0.317797,0.076835,0.317797,0.923951,0.635334,0.965491,0.635334,0.965491,0.763568,0.923951,0.763568,0.076835,0.056829,0.118376,0.056829,0.118376,0.185063,0.076835,0.185063,0.925233,0.781426,0.966774,0.781426,0.966774,0.90966,0.925233,0.90966,0.005,0.552595,0.46432,0.552595,0.46432,0.730627,0.005,0.730627,0.833883,0.80347,0.477819,0.80347,0.655851,0.625437,0.005,0.374563,0.46432,0.374563,0.833883,0.995,0.477819,0.995,0.655851,0.816968,0.477819,0.005,0.974438,0.005,0.974438,0.310667,0.477819,0.310667,0.485201,0.330266,0.970324,0.330266,0.970324,0.604556,0.485201,0.604556,0.005,0.744125,0.420408,0.744125,0.420408,0.981502,0.005,0.981502,0.122875,0.080421,0.408662,0.080421,0.408662,0.317797,0.122875,0.317797,0.005,0.005,0.46432,0.005,0.442364,0.040139,0.026956,0.040139,0.46432,0.361064,0.442364,0.325926,0.005,0.361064,0.026956,0.325926]],
    "name": "house01Geometry.1",
    "normals": [0.577349,0.577349,-0.577349,-0.577349,0.577349,-0.577349,-0.577349,0.577349,0.577349,0.577349,0.577349,0.577349,-0.707083,0,0.707083,0.707083,0,0.707083,0.707083,0,-0.707083,-0.707083,0,-0.707083,0.577349,0.816492,0,-0.577349,0.816492,0,-0.546892,-0.320353,0.773431,0.546892,-0.320353,0.773431,0.546892,-0.320353,-0.773431,-0.546892,-0.320353,-0.773431,0.301492,-0.904508,0.301492,-0.301492,-0.904508,0.301492,0.301492,-0.904508,-0.301492,-0.301492,-0.904508,-0.301492],
    "metadata": {
        "generator": "io_three",
        "version": 3,
        "vertices": 22,
        "uvs": 1,
        "type": "Geometry",
        "normals": 18,
        "faces": 32
    },
    "faces": [40,0,1,2,0,1,2,0,1,2,40,3,0,2,3,0,2,3,0,2,40,3,2,4,4,5,6,3,2,4,40,4,5,3,6,7,4,4,5,3,40,0,3,5,8,9,10,0,3,5,40,6,0,5,11,8,10,6,0,5,40,1,0,6,12,13,14,1,0,6,40,6,7,1,14,15,12,6,7,1,40,2,1,7,16,17,18,2,1,7,40,7,4,2,18,19,16,7,4,2,40,8,9,10,20,21,22,8,9,10,40,10,11,8,22,23,20,10,11,8,40,11,12,8,24,25,26,11,12,8,40,9,8,12,21,20,27,9,8,12,40,12,13,9,27,28,21,12,13,9,40,13,10,9,29,30,31,13,10,9,40,14,15,16,32,33,34,14,15,4,40,16,17,14,34,35,32,4,5,14,40,18,14,17,36,37,38,16,14,5,40,17,19,18,38,39,36,5,6,16,40,20,18,19,40,41,42,17,16,6,40,19,21,20,42,43,40,6,7,17,40,15,20,21,44,45,46,15,17,7,40,21,16,15,46,47,44,7,4,15,40,11,10,15,48,49,50,11,10,15,40,15,14,11,50,51,48,15,14,11,40,13,20,15,52,53,50,13,17,15,40,15,10,13,50,49,52,15,10,13,40,12,18,20,54,55,53,12,16,17,40,20,13,12,53,52,54,17,13,12,40,12,11,14,54,48,51,12,11,14,40,14,18,12,51,55,54,14,16,12]
}